file	line	target	method	kind	before_after	mutates_args	short_circuit	mutates_result	dynamic_hook	notes	phase4_logical_id
app/src/main/java/com/chekayo/feishuantirecall/AiPeekBlock.java	71	android.view.ViewGroup	addView(View)	findAndHookMethod	before	no	yes	no	no	共享回调@56; setResult(null)拦AI速览浮层(Config.blockaipeek); framework类; 与71-74四行同回调	done:aipeek.addView.1 (HookRuntime.hookMethod,共享addHook)
app/src/main/java/com/chekayo/feishuantirecall/AiPeekBlock.java	72	android.view.ViewGroup	addView(View,int)	findAndHookMethod	before	no	yes	no	no	同上	done:aipeek.addView.2 (HookRuntime.hookMethod,共享addHook)
app/src/main/java/com/chekayo/feishuantirecall/AiPeekBlock.java	73	android.view.ViewGroup	addView(View,LayoutParams)	findAndHookMethod	before	no	yes	no	no	同上	done:aipeek.addView.3 (HookRuntime.hookMethod,共享addHook)
app/src/main/java/com/chekayo/feishuantirecall/AiPeekBlock.java	74	android.view.ViewGroup	addView(View,int,LayoutParams)	findAndHookMethod	before	no	yes	no	no	同上	done:aipeek.addView.4 (HookRuntime.hookMethod,共享addHook)
app/src/main/java/com/chekayo/feishuantirecall/AiPeekBlock.java	83	android.view.View	setVisibility(int)	findAndHookMethod	before	yes	no	no	no	已标记节点强制args[0]=GONE(Config.blockaipeek); framework类	done:aipeek.setVisibility (proceed(GONE)改参)
app/src/main/java/com/chekayo/feishuantirecall/AiPeekBlock.java	133	android.widget.TextView	setText(CharSequence,BufferType)	findAndHookMethod	after	no	no	no	no	命中文案后hideTipShell清字+收壳; 回调内tv.setText("")重入同hook点(BUSY防重入); framework类; 共享回调@107	done:aipeek.setText.2args (after:proceed后处理,BUSY防重入保留)
app/src/main/java/com/chekayo/feishuantirecall/AiPeekBlock.java	137	android.widget.TextView	setText(CharSequence)	findAndHookMethod	after	no	no	no	no	同上(另一重载)	done:aipeek.setText.1arg (同上另一重载)
app/src/main/java/com/chekayo/feishuantirecall/AntiRecall.java	120	android.app.Instrumentation	callApplicationOnCreate(Application)	findAndHookMethod	after	no	no	no	no	配置桥延迟绑定(仅installConfigBridge时currentApplication()为null才注册); framework类	done:configbridge.callApplicationOnCreate (after,延迟绑配置桥)
app/src/main/java/com/chekayo/feishuantirecall/AntiRecall.java	250	ax2.b	a(Object,int)	findAndHookMethod	before	no	no	no	no	MapperHook旧版映射器(≤7.70, 运行时探测类+方法存在才注册); 反射改message对象内容, 不改args; TAMPER=2时跳过	done:antirecall.mapper (MapperHook,before反射改对象不改参)
app/src/main/java/com/chekayo/feishuantirecall/AntiRecall.java	301	android.app.Instrumentation	callApplicationOnCreate(Application)	findAndHookMethod	after	no	no	no	yes	after回调内调DownloadMirror.install注册新hook(动态hook); framework类	done:dlmirror.deferAppCreate (after,延迟装DownloadMirror,动态hook)
app/src/main/java/com/chekayo/feishuantirecall/AntiRecall.java	333	android.app.NotificationManager	notify(String,int,Notification)	findAndHookMethod	before	no	no	no	no	NotifArchive.capture抓通知正文存档; framework类	done:notifarchive.notify (before,capture后放行)
app/src/main/java/com/chekayo/feishuantirecall/AntiRecall.java	417	android.widget.TextView	setText(CharSequence,BufferType)	findAndHookMethod	after	no	no	no	no	撤回UI还原(路径A还原原文/路径B配置提示); 回调内tv.setText重入同hook点(RECALL_UI_BUSY防重入); framework类; 共享回调@361	done:recallui.setText.2args (after,RECALL_UI_BUSY防重入保留)
app/src/main/java/com/chekayo/feishuantirecall/AntiRecall.java	421	android.widget.TextView	setText(CharSequence)	findAndHookMethod	after	no	no	no	no	同上(另一重载)	done:recallui.setText.1arg (同上另一重载)
app/src/main/java/com/chekayo/feishuantirecall/AntiRecall.java	471	android.view.View	setForeground(Drawable)	findAndHookMethod	before	yes	no	no	no	水印包drawable时args[0]=null(Config.dewatermark); framework类	done:dewatermark.setForeground (proceed(null)改参)
app/src/main/java/com/chekayo/feishuantirecall/AntiRecall.java	671	com.bytedance.lark.sdk.Sdk	invoke|invokeV2|invokeOpt|invokeAsync|invokeAsyncV2|invokeAsyncOpt	hookAllMethods	before	no	no(dead)	no	no	死代码: installAntiRead(v1防已读)从未被调用; InvokeHook的setResult(null)被编译期常量ANTIREAD_DROP=false门控; 1行=循环6次hookAllMethods	done:antiread.invoke.<name> (死代码按05文档原样迁移,ANTIREAD_DROP=false门控保留)
app/src/main/java/com/chekayo/feishuantirecall/AntiRecall.java	718	com.bytedance.lark.pb.im.v1.UpdateMessagesMeReadRequest	<init>(全部重载)	hookAllConstructors	before	yes	no	no	no	清空已读上报: args[0](message_ids)整体替换为空/回填ArrayList, args[7](fold_ids)替换为空List; 回复窗口内(READ_WINDOW)合并回填; constructor hook	done:antiread2.readreq (hookAllConstructors,浏览清空/回复回填,行为测试覆盖)
app/src/main/java/com/chekayo/feishuantirecall/AntiRecall.java	721	SendMessageRequest+CreateQuasiMessageRequest	<init>(全部重载)	hookAllConstructors	before	no	no	no	no	发送开窗: READ_WINDOW=now+2500ms(无参数修改); 1行=循环2个类的hookAllConstructors; constructor hook	done:antiread2.sendreq.<class> (hookAllConstructors×2,开窗)
app/src/main/java/com/chekayo/feishuantirecall/DataMigration.java	50	android.app.Activity	onActivityResult	hookAllMethods	after	no	no	no	no	SAF导入导出分发(REQ_EXPORT/REQ_IMPORT+pendingRequest状态机); framework类; hook所有Activity子类	done:migration.onActivityResult (hookAllMethods,after分发)
app/src/main/java/com/chekayo/feishuantirecall/FileDownloadUnlock.java	32	com.ss.android.lark.filedetail.impl.open.FileOpenUtils	(签名定位: 唯一static无参返回boolean的方法)	hookMethod	before	no	yes	no	no	setResult(false)解除加密下载判定(Config.downloadunlock); 按签名定位抗混淆, 方法名逐版本漂	done:dlunlock.fileopen (按签名定位,return FALSE短路)
app/src/main/java/com/chekayo/feishuantirecall/FileDownloadUnlock.java	53	DownloadCheckUtil	(签名定位: static (PhotoItem)->DownloadCheckResult)	hookMethod	before	no	yes	no	no	setResult(ALLOW)强制放行(Config.downloadunlock); 按签名定位	done:dlunlock.downloadcheck (按签名定位,return ALLOW短路)
app/src/main/java/com/chekayo/feishuantirecall/FileDownloadUnlock.java	83	com.ss.android.lark.filedetail.FileDetailModuleDependency	getAuditDependency	hookAllMethods	after	no	no	no	yes	after回调里getResult()发现审计实现类, 对其(String×4)->void方法逐个注册hook(动态hook); 每实现类只挂一次(auditImplHooked去重)	done:dlunlock.getAuditDependency (after取返回值动态注册,auditImplHooked去重保留)
app/src/main/java/com/chekayo/feishuantirecall/FileDownloadUnlock.java	97	FileDetailModuleDependency实现类	(String×4)->void方法	hookMethod	before	no	yes	no	no	setResult(null)屏蔽文件审计上报; 注册点在上行83的after回调内(动态注册); 注册数量运行时决定	done:dlunlock.audit.<impl>#i (动态注册,id=类名#序号)
app/src/main/java/com/chekayo/feishuantirecall/FileDownloadUnlock.java	118	com.ss.android.lark.framework.assembly.photopicker.PhotoPickerModuleDependencyImpl	auditImageDownload	hookAllMethods	before	no	yes	no	no	setResult(null)屏蔽图片审计上报(Config.downloadunlock)	done:dlunlock.auditImageDownload (hookAllMethods短路)
app/src/main/java/com/chekayo/feishuantirecall/FileDownloadUnlock.java	136	y33.a	a	hookAllMethods	after	no	no	no	yes	after回调里getResult()发现审计服务实例, 经hookNamedVoidMethods注册auditImageDownload/auditMediaDownload(动态hook); 每实现类只挂一次	done:dlunlock.svcaccessor (after发现服务实例动态注册)
app/src/main/java/com/chekayo/feishuantirecall/FileDownloadUnlock.java	159	审计服务实现类	auditImageDownload/auditMediaDownload	hookMethod	before	no	yes	no	no	setResult(null)屏蔽存图/存视频审计; 注册点在上行136的after回调内(动态注册)	done:dlunlock.svcaudit.<name>#i (动态注册)
app/src/main/java/com/chekayo/feishuantirecall/DownloadMirror.java	56	com.ss.android.lark.utils.UIHelper	mustacheFormat(int,String,String)	hookMethod	before	no	yes	no	no	命中下载toast时setResult改写文案为「已保存到Download/…」(短路并改返回值)+mirrorAsync复制副作用(Config.pubdownload); 注册时机: 主进程handleLoadPackage直接装, 或经AntiRecall@301在Instrumentation after回调内延迟装	done:dlmirror.mustacheFormat (命中改写返回值短路+mirrorAsync副作用)
app/src/main/java/com/chekayo/feishuantirecall/FuckLarkSettings.java	61	设置页候选类×3(SETTING_HOOK_TARGETS)	onResume	findAndHookMethod	after	no	no	no	no	循环探测3个候选类名, 类存在才挂(动态ClassLoader); 命中数运行时0-3个	done:fucklarksettings.settingpage#0..2 (循环探测,id含候选序号)
app/src/main/java/com/chekayo/feishuantirecall/FuckLarkSettings.java	74	android.app.Activity	onResume	findAndHookMethod	after	no	no	no	no	兜底: 仅当候选类全部未命中时才注册; 回调里按类名含setting过滤; framework类(全部Activity被hook)	done:fucklarksettings.activity.onResume (兜底,候选全未命中才装)
app/src/main/java/com/chekayo/feishuantirecall/RestrictedModeUnlock.java	41	Chat$RestrictedModeSetting	getSwitch	hookMethod	before	no	yes	no	no	setResult(false)=保密开关关, 5项门禁因!getSwitch()短路全放行(Config.restrictunlock)	done:restricted.getSwitch (return FALSE)
app/src/main/java/com/chekayo/feishuantirecall/RestrictedModeUnlock.java	62	MessageRestrictedActionInterceptor	boolean(MessageActionType,...)×N	hookMethod	before	no	yes	no	no	循环按签名注册N个门禁方法(运行时决定), setResult(false)(Config.restrictunlock)	done:restricted.interceptor#i (循环,共享FALSE_GATE)
app/src/main/java/com/chekayo/feishuantirecall/RestrictedModeUnlock.java	89	CopyActionAuditUtil(混淆名q)	void(ActionContext,Message$Type)×N	hookMethod	before	no	yes	no	no	循环按签名注册, setResult(null)屏蔽复制审计(Config.restrictunlock)	done:restricted.copyaudit#i (循环,共享VOID_GATE_RESTRICT)
app/src/main/java/com/chekayo/feishuantirecall/RestrictedModeUnlock.java	108	gc6.a	onActivityResumed(Activity)	findAndHookMethod	before	no	yes	no	no	setResult(null)不启动截图审计检测器(Config.screenshotnoaudit); 混淆类名, 经动态ClassLoader	done:restricted.screenshot.onActivityResumed (短路null)
app/src/main/java/com/chekayo/feishuantirecall/RestrictedModeUnlock.java	137	AuditEventStorage(混淆名audit.userscope.audit.a)	writeData(Event)×N	hookMethod	before	no	yes	no	no	循环按签名注册, setResult(null)审计事件不入库(Config.noauditall)	done:restricted.writeData#i (循环,共享VOID_GATE_NOAUDIT)
app/src/main/java/com/chekayo/feishuantirecall/RestrictedModeUnlock.java	158	com.ss.android.lark.audit.AuditManager	auditSecurityEvent	hookAllMethods	before	no	yes	no	no	setResult(null)审计双保险总闸(Config.noauditall)	done:restricted.auditManager (hookAllMethods,.size()口径不变)
app/src/main/java/com/chekayo/feishuantirecall/RestrictedModeUnlock.java	178	android.view.Window	setFlags(int,int)	findAndHookMethod	before	yes	no	no	no	args[0]&=~FLAG_SECURE(Config.forcescreenshot); framework类	done:forcescreenshot.setFlags (proceed(新args)清FLAG_SECURE位)
app/src/main/java/com/chekayo/feishuantirecall/RestrictedModeUnlock.java	186	android.view.Window	addFlags(int)	findAndHookMethod	before	yes	no	no	no	args[0]&=~FLAG_SECURE; framework类	done:forcescreenshot.addFlags (同上)
app/src/main/java/com/chekayo/feishuantirecall/RestrictedModeUnlock.java	194	android.view.Window	setAttributes(LayoutParams)	findAndHookMethod	before	yes	no	no	no	原地修改args[0]对象内部(lp.flags&=~FLAG_SECURE), 不替换引用(proceed时对象同一); framework类	done:forcescreenshot.setAttributes (原地改lp.flags对象,proceed原参)
app/src/main/java/com/chekayo/feishuantirecall/RestrictedModeUnlock.java	205	android.view.SurfaceView	setSecure(boolean)	findAndHookMethod	before	yes	no	no	no	args[0]=false(Config.forcescreenshot); framework类	done:forcescreenshot.setSecure (proceed(false))
app/src/main/java/com/chekayo/feishuantirecall/ProfileCapture.java	69	com.ss.android.lark.profile.func.v3.userprofile.UserProfileActivityV3	onCreate(Bundle)	findAndHookMethod	after	no	no	no	no	thisObject取Activity, postDelayed(1.5/3/5/8s) scrape UI文本; app类经lpparam.classLoader	done:profilecapture.onCreate (after+postDelayed抓取不变)
app/src/main/java/com/chekayo/feishuantirecall/UpdateBanner.java	31	com.ss.android.lark.main.app.MainActivity	onResume	findAndHookMethod	after	no	no	no	no	每进程只checkAsync一次(checkedThisRun); app类经动态ClassLoader	done:updatebanner.onResume (after,checkedThisRun每进程一次保留)
